conversation_id_str;created_at;favorite_count;full_text;id_str;image_url;in_reply_to_screen_name;lang;location;quote_count;reply_count;retweet_count;tweet_url;user_id_str;username
1878529606170616062;Sun Jan 12 19:48:54 +0000 2025;19707;Indonesia negara yang pejabatnya terlalu tolol dan skill issue ditengah negara asean imperfect lainnya yang pengen maju perlahan-lahan. pejabatnya cuma murni mau ambil kue aja tanpa dikitpun mikirin long term apapun. presidennya cuma seneng pidato gagah-gagahan depan podium.;1878529606170616062;;;in;DKI Jakarta, Indonesia;230;193;6913;https://x.com/kafir_introver/status/1878529606170616062;1794541716911075328;kafir_introver
1888124468763217959;Sat Feb 08 07:15:27 +0000 2025;8961;tipikal org indonesia benci ke pemerintah karna kebetulan lagi ruginya aja. pas ada kerjaan langsung pindah haluan bela pemerintah ekspektasi pengen revolusi prancis tapi SDM-nya.... 58% buzzer influencer mulyono boomer ego satu negara isinya stockholm syndrome semua;1888124468763217959;;;in;;52;46;1969;https://x.com/laemersen/status/1888124468763217959;4201538752;laemersen
1887018321247396168;Wed Feb 05 06:00:01 +0000 2025;8;Pemerintah menyiapkan lebih dari Rp700 triliun untuk membangun tanggul laut raksasa 958 km dari Cilegon hingga Gresik. Proyek ini bertujuan melindungi Jakarta dan pesisir utara Jawa dari banjir rob. Bagaimana dana ini akan dijaring dan apa dampak sosial lingkungannya? #dwidn https://t.co/0ZQHD1SpWq;1887018321247396168;https://pbs.twimg.com/amplify_video_thumb/1885997608323497985/img/omp0MZ8fbJfH60za.jpg;;in;Bonn, Jerman;0;5;4;https://x.com/dw_indonesia/status/1887018321247396168;150581612;dw_indonesia
1888150785265115426;Sat Feb 08 09:00:02 +0000 2025;11;Menurutnya pemberian izin tambang kepada kampus bisa menjadi cara untuk membungkam suara kritis akademisi terhadap kebijakan pemerintah. https://t.co/G762PTi2TB;1888150785265115426;https://pbs.twimg.com/media/GjQPITaaQAEDDlS.jpg;;in;;0;0;1;https://x.com/MongabayID/status/1888150785265115426;483310591;MongabayID
1887486387051766276;Thu Feb 06 12:59:57 +0000 2025;5;"Innaa Lillaahi.... RAKYAT INDONESIA TETAP HARUS MEMBAYAR MAHAL PARA PARA PEJABAT NEGARA LEWAT PAJAK YANG DIAMBIL NEGARA WALAUPUN PEJABAT NEGARANYA TAK BERGUNA BAGI BANGSA NEGARA &amp; RAKYAT INDONESIA #IndonesiaGelap #IndonesiaGelap https://t.co/k7qjCZLwBF";1887486387051766276;https://pbs.twimg.com/media/GjGy3claQAE_lzo.jpg;;in;;0;1;3;https://x.com/Muslim_AntiPKI9/status/1887486387051766276;1604091267834474498;Muslim_AntiPKI9
1880431818694095231;Sat Jan 18 09:51:54 +0000 2025;3102;@Peroronchino0 Indonesia is full of religious hypocrisy. Don't want to be a full-blown religion state but controls the country like it's dictated by holy scripture. Running the country like it's holy but child-marriage and corruption run rampant. No sense of priorities whatsoever.;1880553695601119729;;Peroronchino0;en;;60;19;853;https://x.com/putraseptiadii/status/1880553695601119729;631320554;putraseptiadii
1887121155435225561;Wed Feb 05 12:54:36 +0000 2025;2;13 milyar dialokasi oleh USAID untuk polio di Papua Aceh dan beberapa provinsi lain ga besar dibandingkan anggaran Indonesia tapi agak pesimis saja tetep Pemerintah kita palingan lebih mending bangun rumah menteri di IKN noh 14 milyar cuman buat satu rumah https://t.co/wL1pAPxHXd;1887122654278431056;https://pbs.twimg.com/media/GjBoDbAaYAAoM7_.jpg;RakhaRakha45;in;;0;2;0;https://x.com/RakhaRakha45/status/1887122654278431056;1799681310103134208;RakhaRakha45
1886614713389170954;Tue Feb 04 03:16:13 +0000 2025;927;#PeringatanDarurat gua cinta indonesia gua cinta negeri ini beserta masyarakatnya tapi buat apa punya pemerintah yang ga mikirin rakyat? Tolong dibantu kebijakannya untuk jangka panjang. You only had ONE JOB. https://t.co/lBCn15uv2Q;1886614713389170954;https://pbs.twimg.com/media/Gi6aFT4a4AMFrQp.jpg;;in;XII, Auristela.;3;10;393;https://x.com/jieno/status/1886614713389170954;810142189619585024;jieno
1886335624661311860;Mon Feb 03 08:47:13 +0000 2025;144;harusnya aku gak tinggal di indonesia makin hari makin kek ANJING!! hidup bukannya memperkaya diri malah sebaliknya memperkaya PEMERINTAH;1886335624661311860;;;in;STAY 2기 • INA-ENG;2;11;37;https://x.com/hanIogys/status/1886335624661311860;823496950523654144;hanIogys
1882809641379430802;Fri Jan 24 15:16:14 +0000 2025;287;Wajib di INDONESIA ! Dalam waktu dekat kita akan mewajibkan semua Perusahaan yang menerima kredit dari Bank Pemerintah Harus menempatkan hasil penjualan ekspornya di bank di Indonesia Ucap Presiden @prabowo https://t.co/7in3kiZJ79;1882809641379430802;https://pbs.twimg.com/ext_tw_video_thumb/1882809561805131776/pu/img/Cc4noM3liuj7CQ-Z.jpg;;in;INDONESIA;7;11;127;https://x.com/sutanmangara/status/1882809641379430802;1227719379103571968;sutanmangara
1887471331094286538;Thu Feb 06 12:00:07 +0000 2025;5739;Terjawab sudah kenapa JKT48 memilih lagu #KuSangatSuka dengan koreografi utama berupa tarian bergerak mundur. Ternyata itu untuk melambangkan demokrasi dan kinerja pemerintah Indonesia yang semakin mundur. Masih menganggap aku cocoklogi? Coba kita bedah lirik lagunya bersama! https://t.co/yjiEMG9Qlv;1887471331094286538;https://pbs.twimg.com/ext_tw_video_thumb/1887466247136428032/pu/img/8qUkd8_5BVVpCmNS.jpg;;in;Indonesia;236;199;1609;https://x.com/Hanif_AF/status/1887471331094286538;2478451147;Hanif_AF
1886394197756027126;Mon Feb 03 12:39:58 +0000 2025;419;Blok Warim adalah ladang minyak dengan potensi terbesar di Indonesia yang berada di Papua. Luasnya 35 kali wilayah DKI Jakarta. Pemerintah telah melelang Blok Warim tapi masyarakat asli Papua menolaknya. Apa alasan mereka? Sebuah utas https://t.co/rzWLFfM3cM;1886394197756027126;;;in;London - Jakarta;20;9;243;https://x.com/BBCIndonesia/status/1886394197756027126;23772644;BBCIndonesia
1878605965555286076;Mon Jan 13 00:52:19 +0000 2025;13276;Presidennya jendral. Menhankam Mendagri Menkopolkam ketua badan Sandi dan Siber kepala BIN semuanya jendral. Tapi gak berkutik menghadapi pagar laut ilegal di mulut Jakarta.;1878605965555286076;;;in;;103;268;4647;https://x.com/giginpraginanto/status/1878605965555286076;296177546;giginpraginanto
1885520995966214377;Sat Feb 01 02:50:11 +0000 2025;2482;Kerja benar dan pakai hati itu indah. Pemerintah memberikan fasilitas bagi rakyatnya sesuai kondisinya itu juga indah. Tapi sayang yg ini bukan di Indonesia. ----- Kerasa Gempa Prambanan https://t.co/VB3r8Gr4fM;1885520995966214377;https://pbs.twimg.com/ext_tw_video_thumb/1885520951095549953/pu/img/Jq35dSRMA3MW2Z8-.jpg;;in;;7;37;269;https://x.com/taufik_q/status/1885520995966214377;175752154;taufik_q
1887065947665842231;Wed Feb 05 09:09:16 +0000 2025;11;Keputusan pemerintah melarang penjualan eceran gas LPG 3 kg pada 1 Februari lalu berujung menyusahkan konsumen . Masyarakat mengeluhkan antrean yang lama jarak agen gas yang jauh hingga jumlah LPG yang langka. Pemerintah akhirnya membatalkan kebijakan itu pada 4 Februari. https://t.co/evNx7CFXHq;1887065947665842231;https://pbs.twimg.com/amplify_video_thumb/1887065403865870336/img/pFsXm1ZBbejuOkZq.jpg;;in;London - Jakarta;3;3;9;https://x.com/BBCIndonesia/status/1887065947665842231;23772644;BBCIndonesia
1888255689568747638;Sat Feb 08 15:56:53 +0000 2025;13;BRA (Badan Reintegrasi Aceh) adalah lembaga yang dibentuk setelah penandatanganan Perjanjian Helsinki pada tahun 2005 yang mengakhiri konflik bersenjata antara Gerakan Aceh Merdeka (GAM) dan pemerintah Indonesia. Tujuan utama pembentukan BRA adalah: 1. Reintegrasi Mantan https://t.co/3JfoCXXwWa;1888255689568747638;https://pbs.twimg.com/ext_tw_video_thumb/1888255641996947456/pu/img/Kx4S0YZd3_vwkzYq.jpg;;in;Aceh, Indonesia;2;1;4;https://x.com/Aceh/status/1888255689568747638;9688522;Aceh
1885520486907728272;Sat Feb 01 02:48:10 +0000 2025;1577;Yang melanggar peraturan: Pemerintah Yang kena hukuman: ribuan dosen ASN jelata di seluruh Indonesia raya. https://t.co/vne36iEJI2;1885520486907728272;https://pbs.twimg.com/media/Giq2qy4bYAAkuqo.jpg;;in;Michuhol-gu, Republic of Korea;39;68;638;https://x.com/ardisatriawan/status/1885520486907728272;170542374;ardisatriawan
1886550635413225679;Mon Feb 03 23:01:40 +0000 2025;3;Pemerintah berdalih karena perubahan nomenklatur tapi kementerian lain juga mengalami perubahan dan tetap bisa membayar Tukin tuh... Hmmmm.... https://t.co/AJi2vdWpYV;1886550652437860758;https://pbs.twimg.com/media/Gi5fz0WWQAEb0W2.jpg;ConversationIDN;in;Jakarta Capital Region;1;2;2;https://x.com/ConversationIDN/status/1886550652437860758;892211698030989312;ConversationIDN
1885203616832905512;Fri Jan 31 13:27:53 +0000 2025;1389;@AlghifAqsa Pemerintah Indonesia tuh bisanya maksa perubahan dilakukan brutal tiba-tiba dan hasilnya gak efektif. Fomoan heboh digitalisasi maksa digitalisasi tanpa survei lapangan. Nengoknya ke negara maju terus padahal di sini ya masih berkembang ckckc;1885319093110399256;;AlghifAqsa;in;she/her • 03l;5;16;186;https://x.com/anoarjii/status/1885319093110399256;1276843556016058369;anoarjii
1887660459610054738;Fri Feb 07 00:31:39 +0000 2025;526;Rekam Sejarah Buruk orang² China di Indonesia... dan inilah fakta pengkhianatan etnis China yg meninggalkan luka sejarah thdp bangsa pribumi di Medan yg akhirnya Pemerintah Republik pada waktu itu membubarkan laskar penghianat Pao An Tui. https://t.co/ZEuJwUw91e;1887660459610054738;https://pbs.twimg.com/ext_tw_video_thumb/1887660391809044480/pu/img/85Y5tOwYtEbY-Mv4.jpg;;in;;5;43;287;https://x.com/Boediantar4/status/1887660459610054738;1383750727575605257;Boediantar4
1887330423669162400;Thu Feb 06 04:54:16 +0000 2025;4156;@tanyakanrl DKV -plus: gambar-gambar doang -minus: Hidup di indonesia yang kebanyakan pemerintahnya menggunakan ai generate image Bikin studio animasi/komik susah buat di biayain pemerintah. Jurusan DKV? Apa itu? Kok gak kedokteran aja? .;1887364164274024534;;tanyakanrl;in;Leithanien;44;60;314;https://x.com/ketjap_sachet/status/1887364164274024534;1358418580086292481;ketjap_sachet
1887319542600528330;Thu Feb 06 05:03:56 +0000 2025;23;@masarukasu @BudiBukanIntel karna fakta beginian selalu ditutup2i pemerintah kita.... Indonesia saat ini bunga obligasinya sekitar 6 7%... jepang masih di 0 komaan ya? maka efek beban ke APBN nya pun pasti sangat2 jauh berbeda... Indonesia terbebani secara dahsyat sedangkan jepang selow2 aja https://t.co/kllbeS2HZE;1887366594583797904;https://pbs.twimg.com/media/GjFF5ZUbIAMl-A1.jpg;masarukasu;in;Tanah air Indonesia yang luhur;1;1;6;https://x.com/limbahpenguasa/status/1887366594583797904;1828319359691038721;limbahpenguasa
1887695598096400446;Fri Feb 07 02:51:16 +0000 2025;33;Kita semua tahu bahwa Indonesia merupakan penghasil tembakau terbaik makanya ada jutaan petani dan pekerja di sektor industri tembakau..masa iya pemerintah mau membuat regulasi yg mematikan begitu banyak pendapatan masyarakat.. #MakeTobaccoGreatAgain #MTGA https://t.co/9K9ufsoQ6W;1887695598096400446;https://pbs.twimg.com/media/GjJxI0lbIAEHLfB.jpg;;in;Kota Surabaya, Jawa Timur;0;7;20;https://x.com/cak_agoest/status/1887695598096400446;2884352413;cak_agoest
1885241314566168861;Fri Jan 31 08:18:50 +0000 2025;98;Presiden Prabowo Perlu Tiru Cara Gus Dur Lindungi Pekerja Migran Indonesia Kita ingin agar pemerintah melakukan high diplomacy seperti dulu yang dilakukan Presiden Gus Dur. Gus Dur pernah menggagalkan dan menunda eksekusi mati kepada salah satu pekerja migran di Arab Saudi | https://t.co/ico4AYcyhb;1885241314566168861;https://pbs.twimg.com/media/Gim43WubYAEQKO0.jpg;;in;DKI Jakarta, Indonesia;3;79;66;https://x.com/DPP_PKB/status/1885241314566168861;748953283;DPP_PKB
1886604444751815018;Tue Feb 04 03:59:47 +0000 2025;4143;@bang_dasco Ini merupakan fake heroism . Masalah dibuat pemerintah sendiri tiba-tiba PS muncul sebagai pahlawan Sudah berulang kali trik-trik dangkal ini dilakukan mulai dari PPN 12% sampai LPG 3 kg.;1886625676830368032;;bang_dasco;in;(Jog)Jakarta;107;153;1293;https://x.com/alfathindonesia/status/1886625676830368032;250604230;alfathindonesia
1886638439338217520;Tue Feb 04 04:50:30 +0000 2025;8;Rumus kebijakan pemerintah indonesia 5 tahun kedepan sudah keluar gaes https://t.co/yWsNC3DSlM;1886638439338217520;https://pbs.twimg.com/media/Gi6vqKTa4AAFmlX.jpg;;in;;0;0;1;https://x.com/iqbalsalmonn/status/1886638439338217520;474838451;iqbalsalmonn
1887370604057403867;Thu Feb 06 05:23:48 +0000 2025;112;@BudiBukanIntel @mawasorangutan faktanya klo negara kita mengakui update standarnya world bank ini maka Indonesia memang miris kan? pemerintah kita aja yang denial sehingga hanya mengakui orang miskin menurut klaim mereka 8 5% doang.. sungguh miris melihat 52% rakyat kehilangan hak perlinsosnya karna denial ini https://t.co/mfbXGRWmCG;1887371595813113996;https://pbs.twimg.com/media/GjFKdUfbIAExxs6.jpg;BudiBukanIntel;in;Tanah air Indonesia yang luhur;3;1;42;https://x.com/limbahpenguasa/status/1887371595813113996;1828319359691038721;limbahpenguasa
1886190821638025563;Sun Feb 02 23:11:50 +0000 2025;42609;Lu pernah nggak sih punya pemerintah yang udah dikasih tahu satu negara tapi tambeng terus ternyata kejadian dan jadi ngerugiin satu negara? Pernah? Oh orang Indonesia ya?;1886190821638025563;;;in;Yogyakarta, Indonesia;219;174;12435;https://x.com/nabiylarisfa/status/1886190821638025563;37574084;nabiylarisfa
1886977086151356878;Wed Feb 05 03:16:10 +0000 2025;5;Pemerintah terus berupaya mensejahterakan masyarakat Indonesia. Dalam konteks Gas LPG 3kg begini penjelasannya. #prabowo #gibran #pemerintah #indonesia #gaslpg #lpg3kg #bahlil #esdm #bahlillahadalia #indonesiamaju #menujuindonesiamaju #dekade08 https://t.co/ovvkuFW4qg;1886977086151356878;https://pbs.twimg.com/media/Gi_jeJsaoAAcZ3C.jpg;;in;DKI Jakarta, Indonesia;7;8;5;https://x.com/dekade_08/status/1886977086151356878;1576913175227748352;dekade_08
1886072343480656104;Sun Feb 02 15:21:02 +0000 2025;4324;Kalau gak bikin susah hidup Rakyat bukan pejabat di Indonesia namanya. Pada gak mikir dikira pangkalan resmi sudah menjangkau pelosok negeri dng merata? Makanya otak jangan ngukur Jakarta aja. Pemerintah Bakal Evaluasi Larangan Pengecer Jual LPG 3 Kg https://t.co/k0esityY1Z;1886072343480656104;;;in;;129;276;1663;https://x.com/DavidWijaya82/status/1886072343480656104;1180541549643304960;DavidWijaya82
1885008962262815018;Sat Feb 01 00:19:24 +0000 2025;78;@wasdapalah Selain itu ini bukan praktik unik di Indonesia saja. Di seluruh dunia juga begitu. Pergi ke kantor pemerintah di Jerman di Perancis di Jepang. Setiap mengurus administrasi yang memerlukan dokumen resmi pasti akan diminta terjemahan resmi/tersumpah dalam bahasa sana. https://t.co/NT9N4vJx00;1885483052052414691;https://pbs.twimg.com/media/GiqUw60aMAAm-MJ.jpg;zakyarin97;in;Bumi Manusia;3;4;15;https://x.com/zakyarin97/status/1885483052052414691;1536157859355824128;zakyarin97
1888301962996887706;Sat Feb 08 19:00:45 +0000 2025;12;06/02/25 Gelombang Tinggi di Pesisir Kibuyut Desa Eretan Kulon Kec. Kandanghaur Kab. Indramayu Jabar Sejak 28/01/2025 sampai sekarang masih terendam ROB Semoga Pemerintah memperhatikan hal ini. Indonesia Darurat .A.B.R.A.S.I. Pantura Jawa butuh Giant Seawall .A.S.A.P. https://t.co/G76H4eJRQc;1888301962996887706;https://pbs.twimg.com/ext_tw_video_thumb/1888301914263334912/pu/img/AYXxpTi91lwGMgex.jpg;;in;Fridge;1;2;7;https://x.com/iam_zelt/status/1888301962996887706;1351232646450475008;iam_zelt
1885281004614803559;Fri Jan 31 10:56:32 +0000 2025;959;Menteri HAM Natalius Pigai: Pemerintah Tak Maksimal Melindungi Pekerja Migran Indonesia di Malaysia https://t.co/jEgcxzthRy;1885281004614803559;;;in;Indonesia;232;735;170;https://x.com/tempodotco/status/1885281004614803559;18129942;tempodotco
1886923846038773974;Tue Feb 04 23:44:36 +0000 2025;29;ini lagi2 salah dri pemerintah populasi kucing disini banyak bgtt tp ga keurus beda sma di turki banyak kucing keurus gendut2 lucu lg trus ga bandel ya mau berharap apa ke pemerintah indonesia GAS aja skrg jd langka smpe ada korban jiwa semua dipersulit sma pemerintah https://t.co/KYoFZGLhD0;1886923846038773974;https://pbs.twimg.com/amplify_video_thumb/1886923780221812736/img/Y3Omv4pUJJnyhjIX.jpg;;in;sm stan❌️;0;3;3;https://x.com/rrnebae/status/1886923846038773974;1151383041735966720;rrnebae
1886612813311041940;Tue Feb 04 03:08:40 +0000 2025;15;Pemerintah yang sukanya memerintah selalu merasa di atas. Tak pernah memedulikan keadaan orang-orang yang dibawah . Dan tak menganggap suara mereka sesuatu yang pantas untuk diperhitungkan. #PeringatanDarurat #IndonesiaGelap https://t.co/rnTM3tU7lZ;1886612813311041940;https://pbs.twimg.com/media/Gi6YWw9a4AI-x2E.jpg;;in;;0;0;8;https://x.com/bluieskyy_/status/1886612813311041940;1332651339411640321;bluieskyy_
1887415936397025752;Thu Feb 06 08:20:00 +0000 2025;107;"Preservasi rutin jalan &amp; jembatan 0 km. Sudah sepede itukah pemerintah dengan kualitas jalanan utama di Indonesia? Apa nunggu jalanannya makin ancur? faridqhiaqhisya tioanakdamri_ kota_ketapang https://t.co/UeE0lEdQaY";1887415936397025752;https://pbs.twimg.com/media/GjFvdg_aIAAAdle.jpg;;in;Indonesia;0;2;33;https://x.com/txttransportasi/status/1887415936397025752;1617441699613270016;txttransportasi
1887074811517734933;Wed Feb 05 09:44:29 +0000 2025;10;"Selamat Ulang Tahun! Presiden @prabowo memberikan kado untuk seluruh masyarakat Indonesia yang berulang tahun berupa Cek Kesehatan Gratis.Salah satu Program Hasil Terbaik Cepat atau PHTC ini merupakan upaya preventif pemerintah dalam menjaga &amp; meningkatkan kesehatan masyarakat. https://t.co/939Wd42J7H";1887074811517734933;https://pbs.twimg.com/media/GjA8ilUaEAAGuxT.jpg;;in;;2;1;4;https://x.com/prabowogibran2/status/1887074811517734933;1723938002685296640;prabowogibran2
1887697929089261940;Fri Feb 07 03:00:32 +0000 2025;18;Ada 6 juta rakyat yg sumber ekonominya dari tembakau. Mereka ini harus di lindungi oleh pemerintah Indonesia Jgn diam saja ketika komoditas dan petani kita ditindas regulasi yang berbau asing Keluar dari WHO ikuti jejak AS. https://t.co/H4Pszgsyjz #MakeTobaccoGreatAgain #MTGA https://t.co/VQEI7vZ8Xs;1887697929089261940;https://pbs.twimg.com/media/GjJzPZ-bIAENM6y.jpg;;in;Kalimantan Selatan, Indonesia;1;7;16;https://x.com/Hasan_kaLSeL/status/1887697929089261940;1329965234920902656;Hasan_kaLSeL
1887472202226053219;Thu Feb 06 12:03:35 +0000 2025;4;Sementara pemerintah Indonesia mengurangi penggunaan AC untuk efisiensi Lee Kuan Yew menganggap AC adalah kontribusi terbesar pada perubahan birokrasi yang membuat ASN dapat bekerja produktif https://t.co/V0y4LVQQdy;1887472202226053219;https://pbs.twimg.com/media/GjGl89obIAMRLY6.jpg;;in;Universe;0;1;7;https://x.com/ajiwar/status/1887472202226053219;47049819;ajiwar
1886377552182444358;Mon Feb 03 11:33:50 +0000 2025;18;Demo solidaritas Bela Palestina berlangsung di berbagai kota di Indonesia. Tetapi di balik aksi solidaritas ini kok malah ada pengibaran bendera HTI ya ? Organisasi yg jelas2 dinyatakan terlarang oleh pemerintah sejak 2017. https://t.co/K5IPiIfQwQ;1886377552182444358;https://pbs.twimg.com/ext_tw_video_thumb/1886377516337897472/pu/img/3q0dmmB4SWdu6fLZ.jpg;;in;Rahasia;0;7;13;https://x.com/s3mut1reng/status/1886377552182444358;1291943988304330757;s3mut1reng
1886950558327861249;Wed Feb 05 01:30:45 +0000 2025;67;Pernyataan Menteri ESDM @bahlillahadalia pensiun dini PLTU jangan dipaksakan karena keterbatasan anggaran menunjukkan komitmen pemerintah yang setengah hati dalam mempercepat transisi energi. Seperti PLTU Bahlil tampaknya juga perlu pensiun dini. https://t.co/n08AVDeN7K;1886950558327861249;;;in;Indonesia;5;3;28;https://x.com/GreenpeaceID/status/1886950558327861249;43074696;GreenpeaceID
1886035038426579275;Sun Feb 02 12:52:48 +0000 2025;25;Sirkuit Mandalika diklaim pemerintah akan mendongkrak ekonomi dan turut membawa manfaat bagi warga. Tapi sejak dibangun hingga sekarang proyek tersebut masih bikin banyak warga 'nangis'? Lihat di TUMBAL PARIWISATA: https://t.co/2H5bqtuzVH Proyek Strategis Nasional (PSN) ini https://t.co/CxOIRvSQxG;1886035038426579275;https://pbs.twimg.com/ext_tw_video_thumb/1886034754543517697/pu/img/TPgmfo4c-Dli3GdN.jpg;;in;Wonosobo, Indonesia;0;0;13;https://x.com/idbaruid/status/1886035038426579275;1486916778471333888;idbaruid
1885266060598984888;Fri Jan 31 09:57:10 +0000 2025;13566;Saya dulu juga gini sih mikirnya Ngapain sih pindah di Indonesia enak kok. Lalu semua berubah ketika udah ngerasain di negara yang pemerintah yang beneran kerja untuk masyarakat fasilitas umum dan support untuk keluarga yang bagus banget. Beneran beda gais~ mentality.;1885266060598984888;;;in;Busan, Republic of Korea;158;116;2558;https://x.com/primawansatrio/status/1885266060598984888;104823513;primawansatrio
1887109021573730512;Thu Feb 06 03:36:35 +0000 2025;54;@tanyakanrl 3 poin yg tidak dicentang itu sudah mencerminkan Indonesia banget. Gk bisa jadi ortu yg baik karena lingkungan anak di Indo gak bagus ekonomi blm stabil karena kebijakan pemerintah Indo sungguh kacau faktor kesehatan dimana memakai bpjs dari pemerintah prosesnya lambat.;1887344612790181915;;tanyakanrl;in;Zimbabwe;0;0;7;https://x.com/txtboy_/status/1887344612790181915;1571161398172057600;txtboy_
1886691247794086148;Tue Feb 04 08:20:21 +0000 2025;28;orang-orang di temlen pada marah ke promotor mecima berasa rakyat indonesia marah ke pemerintah . soalnya dua duanya budeg gak ada yang dengerin masukan warga ;1886691247794086148;;;in;"18↑ rps snhn • mnwn ; kdrama ☾";1;0;2;https://x.com/thharu15/status/1886691247794086148;1010769076518465541;thharu15
1887833701091881274;Fri Feb 07 12:00:03 +0000 2025;5;Wacana kelola tambang oleh pemerintah untuk universitas benar-benar menimbulkan tanda tanya: apa bentuk kerjasamanya? Dengarkan selengkapnya SuarAkademia terbaru bersama Rektor @UIIYogyakarta Fathul Wahid di sini: https://t.co/WoLPgY8tCl #KampusTambang https://t.co/PNnqBawmRv;1887833701091881274;https://pbs.twimg.com/media/GjLfRTfboAAfXs7.jpg;;in;Jakarta Capital Region;0;0;0;https://x.com/ConversationIDN/status/1887833701091881274;892211698030989312;ConversationIDN
1886630045378318480;Tue Feb 04 04:17:09 +0000 2025;31;Peringatan darurat! Hisbassing hisbassing! Pemerintah lagi hisbassing! Indonesia butuh akses ke pendidikan dan kesehatan yang baik dan setara butuh energi untuk supaya dapur ngebul butuh gaji yang layak buat semua tapi yang kita dapat hanya MBG yang jadi beban semua orang. https://t.co/Ph9YKUHFzY;1886630045378318480;https://pbs.twimg.com/media/Gi6n1mha4AIUjyc.jpg;;in;imamnya @tucarino_;0;0;10;https://x.com/KemenperinRI/status/1886630045378318480;1030789552867139584;KemenperinRI
1886972368771539141;Wed Feb 05 02:57:25 +0000 2025;442;"1. Presiden @prabowo menegaskan pemerintah telah menetapkan Harga Pembelian Pemerintah (HPP) gabah kering panen sebesar Rp6.500/kilogram. Kebijakan ini adalah wujud komitmen kuat dalam melindungi petani Indonesia &amp; menjaga stabilitas harga di tengah arus produksi yang melimpah. https://t.co/8srjQUEt2N";1886972368771539141;https://pbs.twimg.com/media/Gi_e6fhbsAAPQLv.jpg;;in;Jakarta Selatan - Indonesia;6;175;93;https://x.com/kementan/status/1886972368771539141;104695582;kementan
1886329876510306643;Mon Feb 03 08:24:23 +0000 2025;13;Jargon ok Gas ok Gas ternyata itu clue situasi yang diciptakan pejabat pemerintah kabinet merah putih. Dan bila tidak membuat susah hidup rakyat bukan pejabat indonesia nama nya. Menteri Bahlil juga buta akan wilayah indonesia. Apakah pangkalan resmi LPG sudah menjangkau seluruh https://t.co/KrZHPofE9E;1886329876510306643;https://pbs.twimg.com/ext_tw_video_thumb/1886329782541168640/pu/img/pTnVXNWGIcuakAxZ.jpg;;in;Balikpapan, Kalimantan Timur;0;3;4;https://x.com/Rudetiawanst/status/1886329876510306643;2309515658;Rudetiawanst
1886654646808404111;Tue Feb 04 06:33:56 +0000 2025;91;@Heraloebss Pemerintah Indonesia BANYAK BANYAK lebih GILA GILA GILA https://t.co/enmyefAicx;1886664469331501448;https://pbs.twimg.com/media/Gi7HOuVb0AAZWrC.png;Heraloebss;in;Daerah Khusus Ibukota Jakarta;0;0;6;https://x.com/AcepParjo/status/1886664469331501448;1730932621977509888;AcepParjo
1886389291812807084;Mon Feb 03 12:20:29 +0000 2025;635;Menurut Ronald Reagan sembilan kata paling menyeramkan dalam bahasa Inggris adalah Saya dari pemerintah dan saya datang untuk membantu Anda. Demi efisiensi Indonesia menekan sembilan kata paling menyeramkan itu menjadi cukup dua kata saja: NEGARA HADIR.;1886389291812807084;;;in;Indonesia;34;5;202;https://x.com/ChrisWibisana/status/1886389291812807084;1682188555;ChrisWibisana
1888020850835866069;Sat Feb 08 00:23:43 +0000 2025;21;Makan siang gratis di Papua sadis. Sumber pangan lokal mereka (hutan) dikeruk tanpa konsultasi warga terpaksa makan pangan dari barat Indonesia dengan harga mahal lalu akhirnya dikasih makan gratis dari pemerintah entah sampe kapan? Lalu pas programnya stop mereka makan gimana;1888020850835866069;;;in;Indonesia;0;0;9;https://x.com/ValenteHardy/status/1888020850835866069;1131161535722676226;ValenteHardy
1886543640992137396;Tue Feb 04 00:02:10 +0000 2025;10;@avrax75 nah... padahal Indonesia juga Export LPG loh‼️ pemerintah sih ada alasan nya expor dan import. tapi menurut sy itu hanya alasan krn ada tekanan EG lah. kenapa tdk di produksi pemurnian di Indonesia. alasan tdk mampu itu Non sense. buang² uang bisa kok‼️ technology bs dibeli .. https://t.co/iYLaIekCUe;1886565878948618678;https://pbs.twimg.com/media/Gi5tqUPagAAuOvd.jpg;avrax75;in;日本 東京;0;2;5;https://x.com/daddyyuki/status/1886565878948618678;1154478487;daddyyuki
1887534839798300973;Thu Feb 06 16:12:29 +0000 2025;33;UNTUNG PRABOWO PRESIDENNYA Rakyat kecil di Indonesia bneran setidak berharga itu ya? percuma beli tanah punya sertifikatnya juga. Tapi yg berkuasa ttep pemerintah dzolim pengen jadi presiden https://t.co/wzUdgKlX8w;1887534839798300973;https://pbs.twimg.com/ext_tw_video_thumb/1887534669077618692/pu/img/lr9Z1foVG60ANKV1.jpg;;in;;0;3;2;https://x.com/Ikissun1/status/1887534839798300973;1337556192135008256;Ikissun1
1885857517336772646;Sun Feb 02 01:07:24 +0000 2025;768; Percuma bagi saya approval rating Pemerintah 80% kalau persoalan pagar laut di Kabupaten Tangerang itu tidak bisa diungkap siapa cukongnya -Adi Prayitno- // SELENGKAPNYA TONTON YOUTUBE ILC https://t.co/0VddZl2kdP https://t.co/flSwo4m7Zy;1885857517336772646;https://pbs.twimg.com/amplify_video_thumb/1885857353633087488/img/EaPsfEVXjjKM_ntu.jpg;;in;Indonesia;8;13;289;https://x.com/ILCTalkshow/status/1885857517336772646;2421762716;ILCTalkshow
1888261856772645200;Sat Feb 08 16:21:23 +0000 2025;120;Apakah Indonesia Akan Bubar Seperti Kata Prabowo? Atas nama efisiensi anggaran Proyek infrastruktur dibatalkan anggaran riset tiada alat deteksi gempa dan tsunami terancam mati PNS bekerja tanpa lampu. Pengetatan anggaran pemerintah untuk memuluskan program prioritas https://t.co/Tyd67KhiJa;1888261856772645200;https://pbs.twimg.com/media/GjR0JtBaQAAwEws.jpg;;in;;2;24;41;https://x.com/Ary_PrasKe2/status/1888261856772645200;1875086359578472450;Ary_PrasKe2
1885947590434566225;Sun Feb 02 07:05:19 +0000 2025;83;Halo Semeton Rupiah @BI_ProvinsiBali turut hadir dalam kegiatan Gerakan Tanam (Gertam) Padi Gogo yang diinisiasi Pemerintah Provinsi Bali pada 31 Januari 2024 di Subak Abian Giri Lestari Desa Bugbug Kecamatan Karangasem Kabupaten Karangasem. https://t.co/T8RoL9iRoT;1885947590434566225;https://pbs.twimg.com/media/Giw7LxJawAAEuen.jpg;;in;Bali, Indonesia;0;4;6;https://x.com/BI_ProvinsiBali/status/1885947590434566225;1385118467804651525;BI_ProvinsiBali
1886281252728394033;Mon Feb 03 05:11:10 +0000 2025;32;Program PIP pemerintah terbukti memiliki dampak yang signifikan dalam meningkatkan partisipasi sekolah anak-anak Indonesia. Penelitian pertama dengan judul Efektifitas Program Indonesia Pintar terhadap Partisipasi Sekolah di Kawasan Barat dan Timur Indonesia yang dilaukan oleh https://t.co/OGJvOr9hkf;1886281252728394033;https://pbs.twimg.com/ext_tw_video_thumb/1886280453038157824/pu/img/U-EUZbOXC08CwuW-.jpg;;in;Malang, Indonesia;0;5;7;https://x.com/Gamal_Albinsaid/status/1886281252728394033;742915088;Gamal_Albinsaid
1885276877952344531;Fri Jan 31 10:40:09 +0000 2025;5;Pekan lalu publik Indonesia diramaikan dengan insiden Agensi Penguatkuasaan Maritim Malaysia (APMM) menembak kapal berisi Pekerja Migran Indonesia (PMI) yang disebut hendak keluar secara ilegal dari Malaysia. Kasus ini menewaskan satu WNI. Buntutnya pemerintah RI mendesak https://t.co/jsgqb3mjmc;1885276877952344531;https://pbs.twimg.com/media/GinEv38a8AAiD5Y.jpg;;in;Bonn, Jerman;0;2;1;https://x.com/dw_indonesia/status/1885276877952344531;150581612;dw_indonesia
1887882636225602031;Fri Feb 07 15:14:30 +0000 2025;55;Pemerintah Indonesia gila duit dan kekuasaan mana mikirin kesejahteraan rakyatnya Rakyatnya ga boleh pinter pinter dikit berontak;1887882636225602031;;;in;;1;1;17;https://x.com/bakuldimsum_/status/1887882636225602031;1518293169258909696;bakuldimsum_
1887853387427062223;Fri Feb 07 13:18:16 +0000 2025;8;untuk kondisi di Indonesia memang harus keras lawan kontra-revolusioner kyk si tio ini bukannya fasis tapi rakyat indo ini diinjek2 mulu sama pemerintah korup wajar kalau galak ke pendukung 02 bayangin udah dibikin susah dimiskinkan oleh sistem trus masih harus sopan???;1887853387427062223;;;in;Leiden;0;1;2;https://x.com/kelzeg/status/1887853387427062223;1260377528918663169;kelzeg
1886575076491059229;Tue Feb 04 00:38:43 +0000 2025;0;Morning Hello Citizen on the world the Indonesian people are experiencing oppression from a very corrupt government backed by oligarchy we really feel this is an injustice from all aspects of policy Please spread this news to all corners of the world #PeringatanDarurat https://t.co/L9Aq23vrym;1886575076491059229;https://pbs.twimg.com/media/Gi52CNcb0AAgy8N.jpg;;en;Wakanda;0;0;0;https://x.com/SiOtakDungu/status/1886575076491059229;1543279511642734593;SiOtakDungu
1888228769431007528;Sat Feb 08 14:09:54 +0000 2025;12;Setelah resmi dicabut status Badan Hukum ormas Hizbut Tahrir Indonesia (HTI) pd 19.07.2017 oleh pemerintah HTI msh melakukan gerakan bawah tanah di bbrp kota a.l : Surabaya Palembang Yogyakarta dn Samarinda Tujuannya adlh tetap pro khilafah dan menentang ideologi Pancasila. https://t.co/y24nfaa8Y4;1888228769431007528;https://pbs.twimg.com/ext_tw_video_thumb/1888226931163963392/pu/img/C7AezvjCA9GwlLFT.jpg;;in;on earth;1;2;7;https://x.com/Bram_AbuBakar/status/1888228769431007528;1591515901936869376;Bram_AbuBakar
1885678954440507483;Sat Feb 01 13:17:51 +0000 2025;6;Pemerintah resmi membuka layanan medical check up gratis di seluruh RSUD dan Puskesmas di Indonesia. Program ini merupakan hadiah dari pemerintah bagi masyarakat yang berulang tahun. #pemeriksaankesehatangratis #medicalcheckupgratis #puskesmas https://t.co/fHkIzrWfYv;1885678954440507483;https://pbs.twimg.com/ext_tw_video_thumb/1885678721610477568/pu/img/JQjn0UyMHxhV_vjZ.jpg;;in;;0;1;0;https://x.com/Metro_TV/status/1885678954440507483;57261519;Metro_TV
1886136322357596361;Sun Feb 02 19:35:16 +0000 2025;12;Masukan bagi pemerintah dan industriawan Indonesia https://t.co/4UEu59pEEW;1886136322357596361;https://pbs.twimg.com/ext_tw_video_thumb/1886136265994637312/pu/img/MGu5GqJEQpBVr1Gr.jpg;;in;Indonesia;0;1;9;https://x.com/arwidodo/status/1886136322357596361;158162219;arwidodo
1887633194360717313;Thu Feb 06 22:43:18 +0000 2025;121;Investasi Tumbuh Pesat di Indonesia: Peluang Emas! Investasi di Indonesia berkembang pesat berkat pasar besar proyek infrastruktur dan dukungan pemerintah. Dengan potensi ekonomi yang kuat negara ini menjadi destinasi menarik bagi investor yang mencari peluang besar. https://t.co/e8Wg1CfWOM;1887633194360717313;https://pbs.twimg.com/ext_tw_video_thumb/1887633116753498112/pu/img/G89-Gvzted0ceI7H.jpg;;in;;0;121;0;https://x.com/Atuung95/status/1887633194360717313;1515904152526028800;Atuung95
1885488694272156150;Sat Feb 01 00:41:50 +0000 2025;6;Trump melakukan beberapa upaya untuk merampingkan ukuran dan peran pemerintah pusat. Salah satunya lewat pembentukan Departemen Efisiensi Pemerintahan yang dikepalai Elon Musk. https://t.co/k3WRFr1hmr;1885488694272156150;https://pbs.twimg.com/amplify_video_thumb/1885488401086111746/img/u1glvw12eg8FiglZ.jpg;;in;Washington, DC;0;1;1;https://x.com/voaindonesia/status/1885488694272156150;75077164;voaindonesia
1886995670617501948;Wed Feb 05 04:30:01 +0000 2025;11;Dear @ime_indonesia cukuplah pemerintah kita aja yang kerjanya curang2an/korup2 mulu yuk bisa yuk gak usah ada urusan tiketing ordal/priority list dkk dll. Sekali2 jadilah pelopor untuk yang bersih2.. yuk bisa yuk.. fair play buat semua..;1886995670617501948;;;in;;0;1;5;https://x.com/Koya1829/status/1886995670617501948;1391796422542979073;Koya1829
1886263376633864701;Mon Feb 03 04:00:08 +0000 2025;24;Soal Kasus Geng Rusia Aleg PKS Hamid Noor Yasin : Perketat Pengawasan WNA demi Kenyamanan Pariwisata Kasus ini menjadi peringatan bagi pemerintah untuk lebih waspada terhadap potensi ancaman dari kelompok kriminal asing di Indonesia ~Hamid Noor https://t.co/00vzqJ4wam https://t.co/tfickhJPdj;1886263376633864701;https://pbs.twimg.com/media/Gi1ai2wWMAAZ6Ko.jpg;;in;TB. Simatupang No. 82, Jakarta;0;2;8;https://x.com/PKSejahtera/status/1886263376633864701;22365191;PKSejahtera
1888164809813921900;Sat Feb 08 09:55:45 +0000 2025;2;tbh heran bgt sama cara kerja pemerintah indonesia ini. bikin kebijakan berantakan bikin susah warga negara. di company kecil aja ambil keputusan salah dikit aja langsung disuruh kebut ngebenahin permasalahannya. ini? semua sektor bermasalah lelet bgt benahinnya.;1888164809813921900;;;in;;0;0;0;https://x.com/cipycips/status/1888164809813921900;1008858614201606144;cipycips
1886347220301320547;Mon Feb 03 09:33:18 +0000 2025;12;"NYATA! ASG Bayar Pajak 50 T &amp; Serap 200 Ribu Pekerja. Faktanya! PSN PIK 2 Turut Berdampak Pada Peningkatan PAD Kab. Tangerang Menjadi Daerah Dengan PAD Tertinggi Di antara Seluruh Kab. &amp; Kota Di Indonesia. ---&gt; Siang Carmen Pemerintah Rest in Peace #KuSangatSuka #GRAMMYs https://t.co/zgj3CrNzPp";1886347220301320547;https://pbs.twimg.com/media/Gi2mzLdb0AAhJHj.jpg;;in;DKI Jakarta, Indonesia;0;4;9;https://x.com/dkutacimi/status/1886347220301320547;1049679704;dkutacimi
1886246591302177204;Mon Feb 03 02:53:26 +0000 2025;33;Kalau pemerintah Indonesia nda korup dan nda bajingannn sehingga mau fokus juga ke industri perfilman dan penerbitan buku (biar naskah buku tema sci-fi dan fantasy/etc. dilirik) keknya bakal banyak film² make efek CGI yang bagus ;1886246591302177204;;;in;;0;0;3;https://x.com/PrinsLlumiere/status/1886246591302177204;1514779891262128128;PrinsLlumiere
1888144472925417521;Sat Feb 08 08:34:57 +0000 2025;35;Masih ingat kan Stafsus Hubungan Internasional Kemenko Kumham Ahmad Usmarwi Kaffah yg ingin membebaskan penjahat kelamin reynhard Sinaga? Indonesia bukan kekurangan org cerdas ini buktinya anak Komedian Dono Warkop menjadi ahli nuklir d Swiss Miris ga sii dgn pemerintah https://t.co/X0YOcubb0e;1888144472925417521;https://pbs.twimg.com/media/GjQJZFpXsAA3HD9.jpg;;in;;0;13;4;https://x.com/Dee_Rose82/status/1888144472925417521;1625141069460516866;Dee_Rose82
1886550619911291192;Tue Feb 04 07:50:43 +0000 2025;13;Sembari tebalikin meja kubahas serius dikit ya. Subsidi energi Indonesia itu terus membengkak ini nggak cuma LPG juga listrik dan BBM. Karena semua subsidi terbuka (ke barang bukan ke orang) celah penyalahgunaan besar. Yang nggak berhak bisa tetep dapet. Pemerintah https://t.co/vspFuuDEEZ;1886683791772803268;https://pbs.twimg.com/tweet_video_thumb/Gi7Y5upa4AE3MA-.jpg;mcitraningrum;in;Indonesia;0;4;7;https://x.com/mcitraningrum/status/1886683791772803268;69806285;mcitraningrum
1886010881475231966;Sun Feb 02 11:16:49 +0000 2025;1024;Ternyata pemerintah kita sudah memberikan hak konservasi laut kepada Amerika pada 15 Januari 2025 kmren Dimana Indonesia secara resmi sdh melunasi utang ke Amerika sebesar 575 Milyar dgn cara menukar hak konservasi laut dan terumbu karang Bu @susipudjiastuti bagimana ini https://t.co/bLv0Wk0mQM;1886010881475231966;https://pbs.twimg.com/ext_tw_video_thumb/1886010804543344640/pu/img/UESpBMj7m1XvSr85.jpg;;in;multiverse;31;65;521;https://x.com/neVerAl0nely/status/1886010881475231966;1282751327588585473;neVerAl0nely
1887131403109941633;Wed Feb 05 13:29:22 +0000 2025;100;Makan Bergizi Gratis bukan hanya program tapi gerakan bersama! Dengan dukungan dari semua pihak pemerintah swasta komunitas dan masyarakat kita bisa memastikan anak-anak Indonesia tumbuh sehat cerdas dan kuat. Mari kita bersatu untuk masa depan yang lebih baik! https://t.co/A0yuCBlSL5;1887131403109941633;https://pbs.twimg.com/media/GjBwAWxaQAASYff.jpg;;in;Sukodadi, LAMONGAN;0;3;1;https://x.com/Endri_Steven/status/1887131403109941633;1335883975;Endri_Steven
1885565042760049102;Sat Feb 01 05:45:12 +0000 2025;88;Ingat ya pemerintah pusat Indonesia. Kalau 5 tahun ke depan infrastruktur nasional di Kalimantan Barat terus terhambat ya mungkin gabung Malaysia jadi opsi lebih baik untuk masyarakat di sini. https://t.co/BMLG02Vep8;1885565042760049102;https://pbs.twimg.com/ext_tw_video_thumb/1770041627027156992/pu/img/p-egsj1jPRN4jG95.jpg;;in;Kalimantan Barat, Indonesia;3;16;13;https://x.com/FuzaFirdaus/status/1885565042760049102;900999973075996672;FuzaFirdaus
1886591364353417429;Tue Feb 04 01:43:27 +0000 2025;0;"belum 100 hari rezim ini memimpin negeri tapi sudah banyak kebijakan yang menyengsarakan masyarakat. mulai dari tanah papua dirampas laut dipagar pendidikan &amp; kesehatan prioritas pendukung korban jiwa krn antrean gas LPG 3kg dll nya. HOW FCKED UP OUR COUNTRY! #IndonesiaGelap https://t.co/vKJKLEc9d2";1886591364353417429;https://pbs.twimg.com/media/Gi6E2Dha4BEO2YX.jpg;;in;02L;0;0;0;https://x.com/niwawaw/status/1886591364353417429;1176384925622095872;niwawaw
1884955463042916790;Thu Jan 30 13:22:57 +0000 2025;0;Anggota DPD RI Provinsi Sumatera Utara Pdt. Penrad Siagian mengecam insiden penembakan WNI pekerja migran di Selangor Malaysia. Penrad mendesak pemerintah Indonesia untuk mengambil langkah tegas dalam mengusut kasus tersebut melalui jalur diplomatik. #dpdri #TPPO #malaysia https://t.co/D6Sw8EPR0H;1884955463042916790;https://pbs.twimg.com/media/Gii0_q5awAA1LLA.jpg;;in;Senayan - Jakarta - Indonesia;0;1;0;https://x.com/DPDRI/status/1884955463042916790;977870468;DPDRI
1887561613122867697;Thu Feb 06 17:58:52 +0000 2025;2;Ada gempa jam 02.35 diumumkan lgs 02.36. Terbangun bkn krn gempa tp krn info dri pemerintah yg bwt hp berbunyi sgt krs lbh dr alarm. Alhamdulillah pny pemerintah yg responsif dan peduli rakyat. Berharap Indonesia bisa seperti ini segera aamiin. https://t.co/oeqFI90Poi;1887561613122867697;https://pbs.twimg.com/media/GjH3SMsbYAE0wMZ.jpg;;in;Republic of Korea;0;0;0;https://x.com/taewon_moon/status/1887561613122867697;1836238602885566464;taewon_moon
1887350526792376357;Thu Feb 06 04:00:05 +0000 2025;0;Gengs bagaimana tanggapanmu soal rencana Presiden Amerika Serikat Donald Trump untuk memindahkan warga Palestina di Gaza secara massal ke negara-negara tetangga? Setuju atau tidak? Bagaimana pula tanggapan pemerintah Indonesia? Baca lebih lanjut https://t.co/5GDKhCpxad;1887350526792376357;https://pbs.twimg.com/media/GjE3Se8aQAADfuC.jpg;;in;Washington, DC;0;1;0;https://x.com/voaindonesia/status/1887350526792376357;75077164;voaindonesia
1886411820388471198;Mon Feb 03 13:50:00 +0000 2025;9;Koordinator Aksi Tuntut Tukin Aliansi Dosen ASN Kemendiktisaintek Seluruh Indonesia (ADAKSI) Anggun Gunawan menegaskan bahwa aksi mogok nasional menjadi langkah selanjutnya jika pemerintah tetap membiarkan hak tunjangan kinerja (tukin) dosen tak dibayar. Dalam aksi demonstrasi https://t.co/P4LTuRzpkQ;1886411820388471198;https://pbs.twimg.com/ext_tw_video_thumb/1886405096189345792/pu/img/eHh-eodBejJps2dI.jpg;;in;Pulo Gadung, Indonesia;0;1;0;https://x.com/tvOneNews/status/1886411820388471198;55507370;tvOneNews
1885941631951818807;Sun Feb 02 06:41:38 +0000 2025;6;Dubai hanya penghasil minyak Tapi rakyatnya bs hidup layaknya para sultan Bgmn dgn Indonesia Yang kaya Sumber Daya Alam ? Harusnya bisa lbh dr Dubai Asal pemerintah Indonesia mau belajar ke Dubai bagaimana mengelola Kekayaan alam utk kemakmuran rakyat nya ! https://t.co/tvcGaZQSIf;1885941631951818807;https://pbs.twimg.com/ext_tw_video_thumb/1885941562183655424/pu/img/DoKRxpNowE-MIrNE.jpg;;in;Jateng  Indonesia;0;0;1;https://x.com/Ghurem2/status/1885941631951818807;1248538148990152704;Ghurem2
1887038370108596325;Wed Feb 05 07:19:41 +0000 2025;25;Pemerintah Republik Indonesia berkomitmen untuk memperkuat pembangunan infrastruktur sebagai pendorong pertumbuhan ekonomi nasional melalui skema pembiayaan inovatif dan kerja sama dengan lembaga internasional. Hal ini ditegaskan Menteri Koordinator Bidang Infrastruktur dan https://t.co/DzIrC6BMfZ;1887038370108596325;https://pbs.twimg.com/media/GjAbZJma4AE9fQg.jpg;;in;Jl. M.H. Thamrin No. 8 10340;0;6;7;https://x.com/KemenkoInfra/status/1887038370108596325;2989211223;KemenkoInfra
1887367468902990175;Thu Feb 06 05:07:24 +0000 2025;1;Pemerintah Indonesia dan Malaysia perlu lebih optimal berpihak dan menjamin keadilan bagi pekerja migran. Impunitas harus diputus dan kebenaran ditegakkan. #Opini #AdadiKompas https://t.co/wjcBIXtU7t;1887367468902990175;;;in;Palmerah, Jakarta;0;0;1;https://x.com/hariankompas/status/1887367468902990175;255866913;hariankompas
1885882759782285698;Sun Feb 02 02:47:42 +0000 2025;657;Euy barudaks Mohon kepada pemerintah agar segera memperbaiki jalan yang berlubang dan rusak karena sangat membahayakan pengendara motor khususnya. Respect kepada para relawan @.edansepurid @.cctv_ambulance_bandung_barat @.emmore_pusat dan @.tct_indonesia yang sudah (cont) https://t.co/q5P7QLl3FL;1885882759782285698;https://pbs.twimg.com/ext_tw_video_thumb/1885882549114929152/pu/img/k9CW4-Taw4QadFum.jpg;;in;Bandung, Jawa Barat;21;125;101;https://x.com/BaseBDG/status/1885882759782285698;1248335621988311041;BaseBDG
1888042838753165601;Sat Feb 08 01:51:05 +0000 2025;4;MAKAN GRATIS DI PAPUA BUKAN SEKEDAR PROGRAM TAPI MERUPAKAN BUKTI NYATA KOMITMEN PEMERINTAH UNTUK PERTUMBUHAN ANAK YANG SEHAT DAN CERDAS UNTUK MASA DEPAN ANAK-ANAK PAPUA #PenuhiGiziIndonesia #papua #indonesia Arhan Islam Darurat https://t.co/RhqB3tOQ0w;1888042838753165601;https://pbs.twimg.com/media/GjOs8MdaQAA0lic.jpg;;in;;0;1;0;https://x.com/DintarSyahdu/status/1888042838753165601;1603727778050113536;DintarSyahdu
1886409554164109655;Mon Feb 03 13:41:00 +0000 2025;21;rakyat di bodohi pemerintah di malaysia gas 12 kg cuma 90 000 di indonesia gas 12 kg rata2 200 000 emang aswww dah mahal barang langka https://t.co/yE6Bmixefs;1886409554164109655;https://pbs.twimg.com/media/Gi3fe06bMAA7sIw.jpg;;in;tibet ;0;2;4;https://x.com/xlinee_id/status/1886409554164109655;1472556432679604225;xlinee_id
1885826897948606618;Sun Feb 02 03:10:54 +0000 2025;56;"@Strategi_Bisnis 1) Di Indonesia appointment di jajaran Pemerintah berbasis koneksi2 &amp; jejaring politik BUKAN Expertise-Based. 2) Mana posisi2 Kunci di Kabinet yg dipegang olh STEM Graduates? 3) Selama orientasi Politik DIATAS Science &amp; Knowledge STEM Graduates hnylah pemain pelengkap ";1885888599398420624;;Strategi_Bisnis;in;;1;1;4;https://x.com/meliksumanandar/status/1885888599398420624;1626014171497385984;meliksumanandar
1885163839903457361;Fri Jan 31 10:34:23 +0000 2025;32;@adriansyahyasin Lalu pemerintah kita geram dan heran kenapa perusahaan asing enggan melakukan investasi di Indonesia;1885275429273297198;;adriansyahyasin;in;Milky Way;0;0;1;https://x.com/SantrIng90/status/1885275429273297198;1837295133643116544;SantrIng90
1885915631834616114;Sun Feb 02 04:58:19 +0000 2025;165;Jadi ada kabar dari pemerintah Indonesia nih: mereka berencana untuk stop impor beras jagung gula dan garam di tahun 2025! Kira-kira ini jadi kabar baik atau malah bikin pusing? Kalau produksi dalam negeri bisa mencukupi tentu positif banget! Tapi kalau pasokan nggak https://t.co/SM0nFcCCgh;1885915631834616114;https://pbs.twimg.com/ext_tw_video_thumb/1885915504566808576/pu/img/pJclesT6CTsXjJSK.jpg;;in;;0;164;1;https://x.com/Atuung95/status/1885915631834616114;1515904152526028800;Atuung95
1886798326722711877;Tue Feb 04 15:25:50 +0000 2025;451;MENLU RI TOLAK BERUNDING DENGAN ORGANISASI TERORIS HAMAS Pemerintah Indonesia melalui Kemenlu RI menegaskan Pemerintah Indonesia hanya berkomunikasi secara resmi dengan Palestinian National Authority (PA) yg menjadi pemegang otoritas pemerintahan Palestina *Good job @Menlu_RI https://t.co/1dzqHQIDbI;1886798326722711877;https://pbs.twimg.com/media/Gi9BEwoawAAYxWT.jpg;;in;ישראל;22;152;80;https://x.com/jonnypengacara/status/1886798326722711877;1688947756130349065;jonnypengacara
1886654409394020664;Tue Feb 04 06:32:03 +0000 2025;1;@liputan6dotcom Pemerintah Indonesia BANYAK lebih GILA https://t.co/XwOYDxFuWz;1886663995048005819;https://pbs.twimg.com/media/Gi7GLBDa4AMSwFg.png;liputan6dotcom;in;Daerah Khusus Ibukota Jakarta;0;0;1;https://x.com/AcepParjo/status/1886663995048005819;1730932621977509888;AcepParjo
1886655928721924601;Tue Feb 04 06:00:00 +0000 2025;0;Cak Imin selaku Menko Pemberdayaan Masyarakat menyampaikan pesan Presiden Prabowo Subianto bahwa tugas pemerintah saat ini adalah menghilangkan kemiskinan ekstrem. Begini penjelasannya #detikfinance #CakImin #Menko #Kemiskinan https://t.co/IF0qqjzarE;1886655928721924601;https://pbs.twimg.com/ext_tw_video_thumb/1886478500946960384/pu/img/OLQ8Ka-FhhBwm3UG.jpg;;in;Jakarta, Indonesia;0;0;0;https://x.com/detikfinance/status/1886655928721924601;135795460;detikfinance
1887672753752580336;Fri Feb 07 01:20:30 +0000 2025;3;dari yang buka sampe jam 21 sampe sekarang minggu tutup pemerintah dongo emang pengen cepet indonesia gelap https://t.co/LLF8XRh7DI;1887672753752580336;https://pbs.twimg.com/media/GjJcXD6bIAAr9Vu.jpg;;in;;1;0;0;https://x.com/frarrel/status/1887672753752580336;1167426692228382720;frarrel
1886428027342749931;Mon Feb 03 14:54:24 +0000 2025;22;Setiap hari liat berita isinya pemerintah Indonesia yang skrg makin tolol.;1886428027342749931;;;in;ANU, Cbr / Jkt;2;5;6;https://x.com/NiletoYarra/status/1886428027342749931;1497068653174730752;NiletoYarra
1887767519563534735;Fri Feb 07 07:37:04 +0000 2025;4;"Posisi cadangan devisa Indonesia pada Januari 2025 tercatat sebesar 156 1 miliar dolar AS. Posisi ini setara pembiayaan 6 7 bulan impor atau 6 5 bulan impor &amp; pembayaran ULN pemerintah serta berada di atas standar kecukupan internasional sekitar 3 bulan impor. https://t.co/EJjU4UhpHZ";1887767519563534735;https://pbs.twimg.com/media/GjKyjbEbIAAjghb.jpg;;in;INDONESIA;0;1;1;https://x.com/bank_indonesia/status/1887767519563534735;153667051;bank_indonesia
1887430285991743500;Thu Feb 06 12:23:02 +0000 2025;17;@BebySoSweet Aku sebagai rakyat Indonesia yang tidak pernah melanggar hukum dan tidak pernah memakan bantuan dari pemerintah Republik Indonesia#meminta agar bahlil dipecat;1887477096383193495;;BebySoSweet;in;;0;2;1;https://x.com/Bunda1040172/status/1887477096383193495;1860673706600869889;Bunda1040172
1886673871438536925;Tue Feb 04 07:11:18 +0000 2025;5;Jujur aja gue suka jadi warga Indonesia. CUMA EMG MENTAL SDM DAN PEMERINTAH AJA YG KAYAK TAI;1886673871438536925;;;in;Universitas Indonesia;0;0;0;https://x.com/piiiu___/status/1886673871438536925;1211492807300403200;piiiu___
1886375101064753390;Mon Feb 03 11:24:05 +0000 2025;232;Paradoks gas 3 kg di saat pemerintah ingin menyediakan makan bergizi gratis di sekolah-sekolah. Tapi hari ini rumah tangga di Indonesia banyak yang sedang kesulitan memasak karena gas tak ada.;1886375101064753390;;;in;Indonesia;9;11;108;https://x.com/ubegebe1/status/1886375101064753390;267083380;ubegebe1
1888089173485064555;Sat Feb 08 05:32:37 +0000 2025;1020;@tanyarlfes Slogan terbaru pemerintah apapun lembaga kementrian dan badan yg setingkat itu wajib kena efisiensi Dan seperti biasanya MBG ini akan terealisasi di seluruh Indonesia dan setelah itu dihentikan yang penting sudah terealisasi kalo ada yang menuntut udah pernah terealisasi;1888098589924356291;;tanyarlfes;in;;2;4;44;https://x.com/segopincux/status/1888098589924356291;1829801785609109504;segopincux
1886591585565204706;Tue Feb 04 01:44:19 +0000 2025;2;Kebijakan pemerintah dengan adanya program makan bergizi gratis diseluruh indonesia adalah bentuk kecintaan bapa prabowo terhadap anak anak khususnya di Papua #makanbergizi #makanbergizigratis #GrandeFratello #BBMzansi #BBMzansiumlilo #LoveIsland https://t.co/iCG5SEGsY4;1886591585565204706;https://pbs.twimg.com/media/Gi6FCu6a4AEHFYa.jpg;;in;Provinsi Papua Selatan;0;0;0;https://x.com/Papuaterkini_co/status/1886591585565204706;1775536487343464448;Papuaterkini_co
